Alloys,Predicted_Phase,Prob_CMA,Prob_Metalic_Glass,Dmax_Predicted_Dmax,Dmax_Predicted_Dmax_log,Rc_Predicted_Rc,Rc_Predicted_Rc_log
Cu50Zn50,Metalic_Glass,0.11864617354441782,0.8813538264555821,0.26552865,-0.57588863,6343.109720432367,3.8023022237049213
Cu50Zn40Al10,Metalic_Glass,0.12089162464394487,0.8791083753560551,0.26569745,-0.5756126,6410.105799868665,3.8068651976810566
Fe70Ni30,Metalic_Glass,0.11962094737535874,0.8803790526246412,0.33147198,-0.4795532,5302.205197191751,3.724456531070339
Al90Si10,Metalic_Glass,0.12064899600528256,0.8793510039947174,0.28338012,-0.5476306,5218.898737679171,3.717578870318996
