Predicted_Tg,Predicted_Tx,Predicted_Tl,Tg,Tx,Tl
879.07574,891.9731,2036.6561,879.07574,891.9731,2036.6561
